[
  {
    "pk": 1, 
    "model": "geo.point", 
    "fields": {
      "raw_address": "S\u00e3o Paulo, SP, Brazil", 
      "latlng": "POINT (-46.6388182000000029 -23.5489433000000012)", 
      "formatted_address": "Sao Paulo - S\u00e3o Paulo, Brazil"
    }
  }, 
  {
    "pk": 2, 
    "model": "geo.point", 
    "fields": {
      "raw_address": "Rio de Janeiro, RJ, Brazil", 
      "latlng": "POINT (-43.2095868999999979 -22.9035392999999985)", 
      "formatted_address": "Rio de Janeiro, Brazil"
    }
  }, 
  {
    "pk": 3, 
    "model": "geo.point", 
    "fields": {
      "raw_address": "Salvador, Bahia, Brazil", 
      "latlng": "POINT (-38.5123820000000023 -12.9703817000000008)", 
      "formatted_address": "Salvador - Bahia, Brazil"
    }
  }, 
  {
    "pk": 4, 
    "model": "geo.point", 
    "fields": {
      "raw_address": "Santo Domingo, Dominican Republic", 
      "latlng": "POINT (-69.9833332999999982 18.5000000000000000)", 
      "formatted_address": "Santo Domingo, Dominican Republic"
    }
  }, 
  {
    "pk": 5, 
    "model": "geo.point", 
    "fields": {
      "raw_address": "Ankara, Turkey", 
      "latlng": "POINT (32.8541099999999986 39.9207699999999974)", 
      "formatted_address": "Ankara Province/Ankara, Turkey"
    }
  }, 
  {
    "pk": 6, 
    "model": "geo.point", 
    "fields": {
      "raw_address": "Bandar Sri Begawan, Brunei", 
      "latlng": "POINT (114.9422222000000033 4.8902777999999998)", 
      "formatted_address": "Bandar Seri Begawan, Brunei Darussalam"
    }
  }, 
  {
    "pk": 7, 
    "model": "geo.point", 
    "fields": {
      "raw_address": "Singapore, Singapore", 
      "latlng": "POINT (103.8499802000000045 1.2894365000000001)", 
      "formatted_address": "Singapore"
    }
  }, 
  {
    "pk": 8, 
    "model": "geo.point", 
    "fields": {
      "raw_address": "Seoul, South Korea", 
      "latlng": "POINT (126.9779692000000040 37.5665350000000018)", 
      "formatted_address": "Seoul, South Korea"
    }
  }, 
  {
    "pk": 9, 
    "model": "geo.point", 
    "fields": {
      "raw_address": "Taipei, Taiwan", 
      "latlng": "POINT (121.5598344999999938 25.0910750000000000)", 
      "formatted_address": "Taipei City, Taiwan"
    }
  }, 
  {
    "pk": 10, 
    "model": "geo.point", 
    "fields": {
      "raw_address": "Kuala Lumpur", 
      "latlng": "POINT (101.6868549999999942 3.1390030000000002)", 
      "formatted_address": "Kuala Lumpur, Federal Territory of Kuala Lumpur, Malaysia"
    }
  }, 
  {
    "pk": 11, 
    "model": "geo.point", 
    "fields": {
      "raw_address": "Wellington, New Zealand", 
      "latlng": "POINT (174.7732353000000103 -41.2924944999999965)", 
      "formatted_address": "Wellington, New Zealand"
    }
  }, 
  {
    "pk": 12, 
    "model": "geo.point", 
    "fields": {
      "raw_address": "Sydney, Australia", 
      "latlng": "POINT (151.2070913999999959 -33.8689008999999999)", 
      "formatted_address": "Sydney NSW, Australia"
    }
  }, 
  {
    "pk": 13, 
    "model": "geo.point", 
    "fields": {
      "raw_address": "Bellingham, WA, USA", 
      "latlng": "POINT (-122.4882249000000058 48.7595529000000028)", 
      "formatted_address": "Bellingham, WA, USA"
    }
  }, 
  {
    "pk": 14, 
    "model": "geo.point", 
    "fields": {
      "raw_address": "Cincinnatti, Ohio, USA", 
      "latlng": "POINT (-84.5120196000000021 39.1031181999999973)", 
      "formatted_address": "Cincinnati, OH, USA"
    }
  }, 
  {
    "pk": 15, 
    "model": "geo.point", 
    "fields": {
      "raw_address": "Vietnam", 
      "latlng": "POINT (108.2771989999999960 14.0583240000000007)", 
      "formatted_address": "Vietnam"
    }
  }, 
  {
    "pk": 16, 
    "model": "geo.point", 
    "fields": {
      "raw_address": "New Haven, CT, USA", 
      "latlng": "POINT (-72.9281576999999999 41.3081527000000008)", 
      "formatted_address": "New Haven, CT, USA"
    }
  }, 
  {
    "pk": 17, 
    "model": "geo.point", 
    "fields": {
      "raw_address": "Sacramento, CA, USA", 
      "latlng": "POINT (-121.4943995999999942 38.5815719000000001)", 
      "formatted_address": "Sacramento, CA, USA"
    }
  }, 
  {
    "pk": 18, 
    "model": "geo.point", 
    "fields": {
      "raw_address": "Manitoba, Canada", 
      "latlng": "POINT (-98.8138763000000040 53.7608608000000032)", 
      "formatted_address": "Manitoba, Canada"
    }
  }, 
  {
    "pk": 19, 
    "model": "geo.point", 
    "fields": {
      "raw_address": "Cairo, Egypt", 
      "latlng": "POINT (31.2495089999999998 30.0647419999999990)", 
      "formatted_address": "Cairo, Egypt"
    }
  }, 
  {
    "pk": 20, 
    "model": "geo.point", 
    "fields": {
      "raw_address": "American Samoa", 
      "latlng": "POINT (-170.1322169999999971 -14.2709720000000004)", 
      "formatted_address": "American Samoa"
    }
  }, 
  {
    "pk": 21, 
    "model": "geo.point", 
    "fields": {
      "raw_address": "Milan and Rome, Italy", 
      "latlng": "POINT (12.4942486000000006 41.8905197999999999)", 
      "formatted_address": "Rome, Italy"
    }
  }, 
  {
    "pk": 22, 
    "model": "geo.point", 
    "fields": {
      "raw_address": "Chile", 
      "latlng": "POINT (-71.5429689999999994 -35.6751470000000026)", 
      "formatted_address": "Chile"
    }
  }, 
  {
    "pk": 23, 
    "model": "geo.point", 
    "fields": {
      "raw_address": "Ecuador", 
      "latlng": "POINT (-78.1834060000000051 -1.8312390000000001)", 
      "formatted_address": "Ecuador"
    }
  }, 
  {
    "pk": 24, 
    "model": "geo.point", 
    "fields": {
      "raw_address": "Bujumbura, Burundi", 
      "latlng": "POINT (29.3593490000000017 -3.3762170000000000)", 
      "formatted_address": "Bujumbura, Burundi"
    }
  },
  {
    "pk": 1, 
    "model": "groups.group", 
    "fields": {
      "membership_type": "O", 
      "is_featured": 0, 
      "description": "350 S\u00e3o Paulo is a group of volunteers who participated in the 350 Brazil workshop in August 2011 and is now working to promote better urban mobility in the city, among other 350 campaign activities.", 
      "member_count": 0, 
      "created": "2011-10-10 14:44:57", 
      "disc_post_perm": 0, 
      "image": "images/theme/default_group.png", 
      "updated": "2011-10-10 14:44:57", 
      "is_external_link_only": 1, 
      "geom": 1, 
      "disc_moderation": 0, 
      "sample_location": null, 
      "slug": "350-sao-paulo", 
      "name": "350 S\u00e3o Paulo"
    }
  }, 
  {
    "pk": 2, 
    "model": "groups.group", 
    "fields": {
      "membership_type": "O", 
      "is_featured": 0, 
      "description": "350 RJ is a group of volunteers, most of whom participated in the 350 Brazil workshop in August 2011 in Rio de Janeiro, who organized the Moving Planet events in Rio de Janeiro.", 
      "member_count": 0, 
      "created": "2011-10-10 14:44:59", 
      "disc_post_perm": 0, 
      "image": "images/theme/default_group.png", 
      "updated": "2011-10-10 14:44:59", 
      "is_external_link_only": 1, 
      "geom": 2, 
      "disc_moderation": 0, 
      "sample_location": null, 
      "slug": "350-rj", 
      "name": "350 RJ"
    }
  }, 
  {
    "pk": 3, 
    "model": "groups.group", 
    "fields": {
      "membership_type": "O", 
      "is_featured": 0, 
      "description": "Partners since last year, 350 Salvador organized many clean up days in Salvador and have participated in all the past 350 days of action. They are really organized and getting bigger day by day!", 
      "member_count": 0, 
      "created": "2011-10-10 14:45:01", 
      "disc_post_perm": 0, 
      "image": "images/theme/default_group.png", 
      "updated": "2011-10-10 14:45:01", 
      "is_external_link_only": 1, 
      "geom": 3, 
      "disc_moderation": 0, 
      "sample_location": null, 
      "slug": "350-salvador-acao-mar-azul", 
      "name": "350 Salvador - A\u00e7\u00e3o Mar Azul"
    }
  }, 
  {
    "pk": 4, 
    "model": "groups.group", 
    "fields": {
      "membership_type": "O", 
      "is_featured": 0, 
      "description": "350Dominicana is comprised of a small team of coordinating volunteers that works with young people throughout Santo Domingo and the whole country.  They've worked to start the first school recycling program in the country, and now are working for the first bike lane.", 
      "member_count": 0, 
      "created": "2011-10-10 14:45:02", 
      "disc_post_perm": 0, 
      "image": "images/theme/default_group.png", 
      "updated": "2011-10-10 14:45:02", 
      "is_external_link_only": 1, 
      "geom": 4, 
      "disc_moderation": 0, 
      "sample_location": null, 
      "slug": "350dominicana", 
      "name": "350Dominicana"
    }
  }, 
  {
    "pk": 5, 
    "model": "groups.group", 
    "fields": {
      "membership_type": "O", 
      "is_featured": 0, 
      "description": "350 Ankara has been around since 2009 and have ton increasingly strong local organizing, highlighted by a powerful Moving Planet event in 2011.", 
      "member_count": 0, 
      "created": "2011-10-10 14:45:03", 
      "disc_post_perm": 0, 
      "image": "images/theme/default_group.png", 
      "updated": "2011-10-10 14:45:03", 
      "is_external_link_only": 1, 
      "geom": 5, 
      "disc_moderation": 0, 
      "sample_location": null, 
      "slug": "350-ankara", 
      "name": "350 Ankara"
    }
  }, 
  {
    "pk": 6, 
    "model": "groups.group", 
    "fields": {
      "membership_type": "O", 
      "is_featured": 0, 
      "description": "350 Brunei", 
      "member_count": 0, 
      "created": "2011-10-10 14:45:04", 
      "disc_post_perm": 0, 
      "image": "images/theme/default_group.png", 
      "updated": "2011-10-10 14:45:04", 
      "is_external_link_only": 1, 
      "geom": 6, 
      "disc_moderation": 0, 
      "sample_location": null, 
      "slug": "350-brunei", 
      "name": "350 Brunei"
    }
  }, 
  {
    "pk": 7, 
    "model": "groups.group", 
    "fields": {
      "membership_type": "O", 
      "is_featured": 0, 
      "description": "350 Singapore", 
      "member_count": 0, 
      "created": "2011-10-10 14:45:06", 
      "disc_post_perm": 0, 
      "image": "images/theme/default_group.png", 
      "updated": "2011-10-10 14:45:06", 
      "is_external_link_only": 1, 
      "geom": 7, 
      "disc_moderation": 0, 
      "sample_location": null, 
      "slug": "350-singapore", 
      "name": "350 Singapore"
    }
  }, 
  {
    "pk": 8, 
    "model": "groups.group", 
    "fields": {
      "membership_type": "O", 
      "is_featured": 0, 
      "description": "350 South Korea", 
      "member_count": 0, 
      "created": "2011-10-10 14:45:07", 
      "disc_post_perm": 0, 
      "image": "images/theme/default_group.png", 
      "updated": "2011-10-10 14:45:07", 
      "is_external_link_only": 1, 
      "geom": 8, 
      "disc_moderation": 0, 
      "sample_location": null, 
      "slug": "350-south-korea", 
      "name": "350 South Korea"
    }
  }, 
  {
    "pk": 9, 
    "model": "groups.group", 
    "fields": {
      "membership_type": "O", 
      "is_featured": 0, 
      "description": "350 Taiwan", 
      "member_count": 0, 
      "created": "2011-10-10 14:45:08", 
      "disc_post_perm": 0, 
      "image": "images/theme/default_group.png", 
      "updated": "2011-10-10 14:45:08", 
      "is_external_link_only": 1, 
      "geom": 9, 
      "disc_moderation": 0, 
      "sample_location": null, 
      "slug": "350-taiwan", 
      "name": "350 Taiwan"
    }
  }, 
  {
    "pk": 10, 
    "model": "groups.group", 
    "fields": {
      "membership_type": "O", 
      "is_featured": 0, 
      "description": "350 Malaysia", 
      "member_count": 0, 
      "created": "2011-10-10 14:45:10", 
      "disc_post_perm": 0, 
      "image": "images/theme/default_group.png", 
      "updated": "2011-10-10 14:45:10", 
      "is_external_link_only": 1, 
      "geom": 10, 
      "disc_moderation": 0, 
      "sample_location": null, 
      "slug": "350-malaysia", 
      "name": "350 Malaysia"
    }
  }, 
  {
    "pk": 11, 
    "model": "groups.group", 
    "fields": {
      "membership_type": "O", 
      "is_featured": 0, 
      "description": "Established as a charitable trust in 2009, 350 Aotearoa works nation-wide to empower grassroots organizing on climate change.", 
      "member_count": 0, 
      "created": "2011-10-10 14:45:11", 
      "disc_post_perm": 0, 
      "image": "images/theme/default_group.png", 
      "updated": "2011-10-10 14:45:11", 
      "is_external_link_only": 1, 
      "geom": 11, 
      "disc_moderation": 0, 
      "sample_location": null, 
      "slug": "350-aotearoa", 
      "name": "350 Aotearoa"
    }
  }, 
  {
    "pk": 12, 
    "model": "groups.group", 
    "fields": {
      "membership_type": "O", 
      "is_featured": 0, 
      "description": "350 Australia is a small team, with a steering committee, that has coordinated with many partners to make the 350 days of action powerful and connected to Australia's strong climate movement.", 
      "member_count": 0, 
      "created": "2011-10-10 14:45:12", 
      "disc_post_perm": 0, 
      "image": "images/theme/default_group.png", 
      "updated": "2011-10-10 14:45:12", 
      "is_external_link_only": 1, 
      "geom": 12, 
      "disc_moderation": 0, 
      "sample_location": null, 
      "slug": "350-australia", 
      "name": "350 Australia"
    }
  }, 
  {
    "pk": 13, 
    "model": "groups.group", 
    "fields": {
      "membership_type": "O", 
      "is_featured": 0, 
      "description": "350 Bellingham ", 
      "member_count": 0, 
      "created": "2011-10-10 14:45:13", 
      "disc_post_perm": 0, 
      "image": "images/theme/default_group.png", 
      "updated": "2011-10-10 14:45:13", 
      "is_external_link_only": 1, 
      "geom": 13, 
      "disc_moderation": 0, 
      "sample_location": null, 
      "slug": "350-bellingham", 
      "name": "350 Bellingham "
    }
  }, 
  {
    "pk": 14, 
    "model": "groups.group", 
    "fields": {
      "membership_type": "O", 
      "is_featured": 0, 
      "description": "350 Cincinnati ", 
      "member_count": 0, 
      "created": "2011-10-10 14:45:15", 
      "disc_post_perm": 0, 
      "image": "images/theme/default_group.png", 
      "updated": "2011-10-10 14:45:15", 
      "is_external_link_only": 1, 
      "geom": 14, 
      "disc_moderation": 0, 
      "sample_location": null, 
      "slug": "350-cincinnati", 
      "name": "350 Cincinnati "
    }
  }, 
  {
    "pk": 15, 
    "model": "groups.group", 
    "fields": {
      "membership_type": "O", 
      "is_featured": 0, 
      "description": "350 Vietnam- Da Nang ", 
      "member_count": 0, 
      "created": "2011-10-10 14:45:16", 
      "disc_post_perm": 0, 
      "image": "images/theme/default_group.png", 
      "updated": "2011-10-10 14:45:16", 
      "is_external_link_only": 1, 
      "geom": 15, 
      "disc_moderation": 0, 
      "sample_location": null, 
      "slug": "350-vietnam-da-nang", 
      "name": "350 Vietnam- Da Nang "
    }
  }, 
  {
    "pk": 16, 
    "model": "groups.group", 
    "fields": {
      "membership_type": "O", 
      "is_featured": 0, 
      "description": "350 Connecticut \n", 
      "member_count": 0, 
      "created": "2011-10-10 14:45:17", 
      "disc_post_perm": 0, 
      "image": "images/theme/default_group.png", 
      "updated": "2011-10-10 14:45:17", 
      "is_external_link_only": 1, 
      "geom": 16, 
      "disc_moderation": 0, 
      "sample_location": null, 
      "slug": "350-connecticut", 
      "name": "350 Connecticut \n"
    }
  }, 
  {
    "pk": 17, 
    "model": "groups.group", 
    "fields": {
      "membership_type": "O", 
      "is_featured": 0, 
      "description": "350 Sacramento \n", 
      "member_count": 0, 
      "created": "2011-10-10 14:45:18", 
      "disc_post_perm": 0, 
      "image": "images/theme/default_group.png", 
      "updated": "2011-10-10 14:45:18", 
      "is_external_link_only": 1, 
      "geom": 17, 
      "disc_moderation": 0, 
      "sample_location": null, 
      "slug": "350-sacramento", 
      "name": "350 Sacramento \n"
    }
  }, 
  {
    "pk": 18, 
    "model": "groups.group", 
    "fields": {
      "membership_type": "O", 
      "is_featured": 0, 
      "description": "350 Manitoba", 
      "member_count": 0, 
      "created": "2011-10-10 14:45:20", 
      "disc_post_perm": 0, 
      "image": "images/theme/default_group.png", 
      "updated": "2011-10-10 14:45:20", 
      "is_external_link_only": 1, 
      "geom": 18, 
      "disc_moderation": 0, 
      "sample_location": null, 
      "slug": "350-manitoba", 
      "name": "350 Manitoba"
    }
  }, 
  {
    "pk": 19, 
    "model": "groups.group", 
    "fields": {
      "membership_type": "O", 
      "is_featured": 0, 
      "description": "350 Egypt", 
      "member_count": 0, 
      "created": "2011-10-10 14:45:21", 
      "disc_post_perm": 0, 
      "image": "images/theme/default_group.png", 
      "updated": "2011-10-10 14:45:21", 
      "is_external_link_only": 1, 
      "geom": 19, 
      "disc_moderation": 0, 
      "sample_location": null, 
      "slug": "350-egypt", 
      "name": "350 Egypt"
    }
  }, 
  {
    "pk": 20, 
    "model": "groups.group", 
    "fields": {
      "membership_type": "O", 
      "is_featured": 0, 
      "description": "American Samoa 350 is a grassroots organizing group led by Suluama Faaiuaso and fellow youth colleagues", 
      "member_count": 0, 
      "created": "2011-10-10 14:45:22", 
      "disc_post_perm": 0, 
      "image": "images/theme/default_group.png", 
      "updated": "2011-10-10 14:45:22", 
      "is_external_link_only": 1, 
      "geom": 20, 
      "disc_moderation": 0, 
      "sample_location": null, 
      "slug": "american-samoa-350", 
      "name": "American Samoa 350"
    }
  }, 
  {
    "pk": 21, 
    "model": "groups.group", 
    "fields": {
      "membership_type": "O", 
      "is_featured": 0, 
      "description": "Climate Action Italy is a newly formed climate organizing group in Italy, properly the first group in Itay that soley focuses on climate change. Moving Planet was their first campaign to sensitize Italians for climate issues. ", 
      "member_count": 0, 
      "created": "2011-10-10 14:45:23", 
      "disc_post_perm": 0, 
      "image": "images/theme/default_group.png", 
      "updated": "2011-10-10 14:45:23", 
      "is_external_link_only": 1, 
      "geom": 21, 
      "disc_moderation": 0, 
      "sample_location": null, 
      "slug": "climate-action-italy", 
      "name": "Climate Action Italy"
    }
  }, 
  {
    "pk": 22, 
    "model": "groups.group", 
    "fields": {
      "membership_type": "O", 
      "is_featured": 0, 
      "description": "350 Chile is a group of volunteers and partners that came together in 2010 to coordinate 10/10 events, and gained strength in 2011, organizing Moving Planet in Santiago and coordinating with cities throughout Chile.", 
      "member_count": 0, 
      "created": "2011-10-10 14:45:25", 
      "disc_post_perm": 0, 
      "image": "images/theme/default_group.png", 
      "updated": "2011-10-10 14:45:25", 
      "is_external_link_only": 1, 
      "geom": 22, 
      "disc_moderation": 0, 
      "sample_location": null, 
      "slug": "350-chile", 
      "name": "350 Chile"
    }
  }, 
  {
    "pk": 23, 
    "model": "groups.group", 
    "fields": {
      "membership_type": "O", 
      "is_featured": 0, 
      "description": "350 Ecuador is a group of volunteers and partners doing education around climate change, and working with partners to coordinate 350 actions, particularly around urban mobility and bicycling.  They focus primarily in Quito.", 
      "member_count": 0, 
      "created": "2011-10-10 14:45:26", 
      "disc_post_perm": 0, 
      "image": "images/theme/default_group.png", 
      "updated": "2011-10-10 14:45:26", 
      "is_external_link_only": 1, 
      "geom": 23, 
      "disc_moderation": 0, 
      "sample_location": null, 
      "slug": "350-ecuador", 
      "name": "350 Ecuador"
    }
  }, 
  {
    "pk": 24, 
    "model": "groups.group", 
    "fields": {
      "membership_type": "O", 
      "is_featured": 0, 
      "description": "This group has been active since 2009 and brings together a number of youth organizations of civil society, media and ordinary citizens involved in environmental issues in general", 
      "member_count": 0, 
      "created": "2011-10-10 14:45:27", 
      "disc_post_perm": 0, 
      "image": "images/theme/default_group.png", 
      "updated": "2011-10-10 14:45:27", 
      "is_external_link_only": 1, 
      "geom": 24, 
      "disc_moderation": 0, 
      "sample_location": null, 
      "slug": "350-burundi-campaign", 
      "name": "350 Burundi Campaign"
    }
  },
  {
    "pk": 1, 
    "model": "group_links.externallink", 
    "fields": {
      "url": "http://www.facebook.com/groups/268648343150096/", 
      "group": 1
    }
  }, 
  {
    "pk": 2, 
    "model": "group_links.externallink", 
    "fields": {
      "url": "http://www.facebook.com/pages/350org-RJ/271143269567248", 
      "group": 2
    }
  }, 
  {
    "pk": 3, 
    "model": "group_links.externallink", 
    "fields": {
      "url": "http://www.facebook.com/groups/157301714340610/", 
      "group": 3
    }
  }, 
  {
    "pk": 4, 
    "model": "group_links.externallink", 
    "fields": {
      "url": "http://350dominicana.org/", 
      "group": 4
    }
  }, 
  {
    "pk": 5, 
    "model": "group_links.externallink", 
    "fields": {
      "url": "http://350ankara.blogspot.com/", 
      "group": 5
    }
  }, 
  {
    "pk": 6, 
    "model": "group_links.externallink", 
    "fields": {
      "url": "https://www.facebook.com/pages/350org-Brunei/207138319341078", 
      "group": 6
    }
  }, 
  {
    "pk": 7, 
    "model": "group_links.externallink", 
    "fields": {
      "url": "https://www.facebook.com/350sg", 
      "group": 7
    }
  }, 
  {
    "pk": 8, 
    "model": "group_links.externallink", 
    "fields": {
      "url": "https://www.facebook.com/350kr?ref=ts", 
      "group": 8
    }
  }, 
  {
    "pk": 9, 
    "model": "group_links.externallink", 
    "fields": {
      "url": "https://www.facebook.com/350orgTaiwan", 
      "group": 9
    }
  }, 
  {
    "pk": 10, 
    "model": "group_links.externallink", 
    "fields": {
      "url": "https://www.facebook.com/pages/350org-Malaysia/119404434763377", 
      "group": 10
    }
  }, 
  {
    "pk": 11, 
    "model": "group_links.externallink", 
    "fields": {
      "url": "http://www.350.org.nz/", 
      "group": 11
    }
  }, 
  {
    "pk": 12, 
    "model": "group_links.externallink", 
    "fields": {
      "url": "http://world.350.org/australia/", 
      "group": 12
    }
  }, 
  {
    "pk": 13, 
    "model": "group_links.externallink", 
    "fields": {
      "url": "https://www.facebook.com/350Bellingham", 
      "group": 13
    }
  }, 
  {
    "pk": 14, 
    "model": "group_links.externallink", 
    "fields": {
      "url": "https://www.facebook.com/350Cincinnati", 
      "group": 14
    }
  }, 
  {
    "pk": 15, 
    "model": "group_links.externallink", 
    "fields": {
      "url": "https://www.facebook.com/pages/350-%C4%90%C3%A0-N%E1%BA%B5ng/208915839168255", 
      "group": 15
    }
  }, 
  {
    "pk": 16, 
    "model": "group_links.externallink", 
    "fields": {
      "url": "http://www.350ct.org/", 
      "group": 16
    }
  }, 
  {
    "pk": 17, 
    "model": "group_links.externallink", 
    "fields": {
      "url": "http://www.350sacramento.org/", 
      "group": 17
    }
  }, 
  {
    "pk": 18, 
    "model": "group_links.externallink", 
    "fields": {
      "url": "https://www.facebook.com/pages/Moving-Planet-Manitoba-350org/157082261028964", 
      "group": 18
    }
  }, 
  {
    "pk": 19, 
    "model": "group_links.externallink", 
    "fields": {
      "url": "https://www.facebook.com/groups/160571285329/", 
      "group": 19
    }
  }, 
  {
    "pk": 20, 
    "model": "group_links.externallink", 
    "fields": {
      "url": "https://www.facebook.com/groups/AmericanSamoa350/", 
      "group": 20
    }
  }, 
  {
    "pk": 21, 
    "model": "group_links.externallink", 
    "fields": {
      "url": "http://www.moving-planet.it/italian-climate-network/", 
      "group": 21
    }
  }, 
  {
    "pk": 22, 
    "model": "group_links.externallink", 
    "fields": {
      "url": "https://www.facebook.com/pages/350org-Chile/130780150337369", 
      "group": 22
    }
  }, 
  {
    "pk": 23, 
    "model": "group_links.externallink", 
    "fields": {
      "url": "https://www.facebook.com/350Ecuador?sk=info", 
      "group": 23
    }
  }, 
  {
    "pk": 24, 
    "model": "group_links.externallink", 
    "fields": {
      "url": "http://campagne350burundi.wordpress.com/", 
      "group": 24
    }
  }
]